index,keyword,partofspeech,hanzi
1,One,,一
2,Two,,二
3,Three,,三
4,Four,,四
5,Five,,五
6,Six,,六
7,Seven,,七
8,Eight,,八
9,Nine,,九
10,Ten,,十
11,Mouth,,口
12,Day,,日
13,Month,,月
14,Rice Field,,田
15,Eye,,目
16,Ancient,,古
17,Recklessly,,胡
18,I (literally),,吾
19,Companion,,朋
20,Bright,,明
21,Goods,,品
22,Sparkling,,晶
23,Prosperous,,昌
24,Sing,,唱
25,Early,,早
26,Rising Sun,,旭
27,Generation,,世
28,Stomach,,胃
29,Daybreak,,旦
30,Concave,,凹
31,Convex,,凸
32,Oneself,,自
33,White,,白
34,Hundred,,百
35,Soap,,皂
36,Middle,n./adj.,中
37,Thousand,,干
38,Tounge,,舌
39,Liter,,升
40,Rise Up,,昇
41,Pill,,丸
42,Divination,,卜
43,Tell Fortunes,,占
44,Above,,上
45,Below,,下
46,Card,,卡
47,Eminent,,卓
48,Dynasty,,朝
49,Ridicule,v.,嘲
50,Only,,只
51,Shellfish,,貝
52,Paste,v.,貼
53,Chaste,,貞
54,Employee,,員
55,See,,見
56,Beginning,,元
57,Page,,頁
58,Stubborn,,頑
59,Ordinary,,凡
60,Muscle,,肌
61,Defeated,,負
62,Uniform,adj.,勻
63,Sentence,n.,句
64,Decameron,,旬
65,Ladle,,勺
66,Bull's Eye,,的
67,Heads,,首
68,Straight,,直
69,Set Up,,置
70,Tool,,具
71,True,,真
72,Work,n.,工
73,Left,n./adj.,左
74,Right,n./adj.,右
75,Possess,,有
76,Bribe,n.,賄
77,Tribute,,貢
78,Item,,項
79,Sword,,刀
80,Blade,,刃
81,Cut,v.,切
82,Summon,,召
83,Evident,,昭
84,Rule,n.,則
85,Vice-,,副
86,Fourth,,丁
87,Sting,v.,叮
88,Can,aux. v.,可
89,Older Brother,,哥
90,Crest,n.,頂
91,Second,adj.,乙
92,Child,,子
93,Cavity,,孔
94,Roar,v.,吼
95,-ed,,了
96,Woman,,女
97,Good,,好
98,Be Like,,如
99,Mother,,母
100,Pierce,,貫
101,Elder Brother,,兄
102,Overcome,v.,克
103,Small,,小
104,Few,,少
105,Noisy,,吵
106,Large,,大
107,Tip,n.,尖
108,Evening,,夕
109,Many,,多
110,Enough,,夠
111,Outside,,外
112,Name,n.,名
113,Thick,,厚
114,Stone,,石
115,Gravel,,砂
116,Wonderful,,妙
117,Resemble,,肖
118,Peel,v.,削
119,Ray,,光
120,Overly,,太
121,Economize,,省
122,Strange,,奇
123,Stream,n.,川
124,State,n.,州
125,Obey,,順
126,Water,n.,水
127,Eternity,,永
128,Request,v.,求
129,Spring,n.,泉
130,Flatlands,,原
131,Wish,n.,願
132,Wash Away,,沖
133,Swim,v.,泳
134,Continent,,洲
135,Marsh,,沼
136,Sand,n.,沙
137,Yangtze,,江
138,Juice,n.,汁
139,Tide,,潮
140,Source,,源
141,Lively,,活
142,Extinguish,,消
143,Situation,,況
144,River,,河
145,Lake,,湖
146,Fathom,v.,測
147,Soil,n.,土
148,Equal,,均
149,Belly,,肚
150,Fill In,,填
151,Spit,v.,吐
152,Waah!,,哇
153,Chinese Inch,,寸
154,Seal,v.,封
155,Buddhist Temple,,寺
156,Time,n.,時
157,Fire,n.,火
158,Ashes,,灰
159,Vexed,adj.,煩
160,Inflammation,,炎
161,Thin,adj.,淡
162,Disaster,,災
163,Illuminate,,照
164,Fish,n.,魚
165,Fishing,n.,漁
166,Yao,,堯
167,Fever,,燒
168,Dawn,n.,曉
169,<i>li</i>,,里
170,Quantity,,量
171,Bury,,埋
172,Black,,黑
173,Spot,n.,點
174,Black Ink,,墨
175,Risk,v.,冒
176,Same,,同
177,Cave,,洞
178,Orientation,,向
179,Esteem,v.,尚
180,Character,,字
181,Guard,v.,守
182,Finish,v.,完
183,Reality,,實
184,Proclaim,,宣
185,Nighttime,,宵
186,Peaceful,,安
187,Banquet,,宴
188,Mail,v.,寄
189,Wealthy,,富
190,Store Up,,貯
191,Tree,,木
192,Woods,,林
193,Forest,,森
194,Plant,v.,植
195,Apricot,,杏
196,Dim-witted,,呆
197,Withered,,枯
198,Village,,村
199,One Another,,相
200,Notebook,,本
201,Case,,案
202,Not Yet,,未
203,Last,n./adj.,末
204,Foam,,沫
205,Flavor,n.,味
206,Younger Sister,,妹
207,Investigate,,查
208,Sediment,,渣
209,Dye,v.,染
210,Plum,,李
211,Table,,桌
212,As If,,若
213,Grass,,草
214,Suffering,n.,苦
215,Wide,,寬
216,Leaf,,葉
217,Nobody,,莫
218,Imitate,,模
219,Desert,n.,漠
220,Grave,,墓
221,Seedling,,苗
222,Aim,v.,瞄
223,Portent,,兆
224,Peach,,桃
225,Pooch,,犬
226,Remarkable,,尤
227,Silent,,默
228,Sort of Thing,,然
229,Cry,v.,哭
230,Utensil,,器
231,Stinking,adj.,臭
232,Dog,,狗
233,Detest,,厭
234,Pressure,n.,壓
235,Cow,,牛
236,Special,adj.,特
237,Declare,,告
238,Vast,,浩
239,Before,,先
240,Wash,v.,洗
241,Introduce,,介
242,World,,界
244,Meeting,,會
245,Fit,v.,合
246,Ha!,,哈
247,Pagoda,,塔
248,King,,王
249,Jade,,玉
250,Ball,,球
251,Present,adj.,現
252,Play,v.,玩
253,Crazy,,狂
254,Emperor,,皇
255,Resplendent,,煌
256,Submit,,呈
257,Whole,,全
259,Lord,,主
260,Pour,,注
261,Gold,,金
262,Copper,,銅
263,Go Fishin',,釣
264,Needle,n.,針
265,Nail,n.,釘
266,Inscription,,銘
267,At Ease,,鎮
243,Tea,,茶
258,Logic,,理
268,Way,,道
269,Guide,v.,導
270,Speedy,,迅
271,Create,,造
272,Patrol,v.,巡
273,Stroll,v.,逛
274,Car,,車
275,One After Another,,連
276,Lotus,,蓮
277,In Front,,前
278,Shears,,剪
279,Transport,v.,輸
280,Exceed,,逾
281,Each,,各
282,Pattern,,格
283,Guest,,客
284,Forehead,,額
285,Summer,,夏
286,L.A.,,洛
287,Fall,v.,落
288,Superfluous,,冗
289,Profound,,沉
290,Army,,軍
291,Radiance,,輝
292,Carry,,運
293,Crown,n.,冠
294,Dream,n.,夢
295,Pit,n.,坑
296,Tall,,高
297,Enjoy,,享
298,Ripe,,熟
299,Pavilion,,亭
300,Shiny,,亮
301,Capital,,京
302,Cool,,涼
303,Scenery,,景
304,At Once,,就
305,Circumference,,周
306,Week,,週
307,Soldier,,士
308,Lucky,,吉
309,Buy,v.,買
310,Sell,,賣
311,Book,n.,書
312,Drawing,n.,畫
313,Scratch,v.,劃
314,Attack,v.,攻
315,Fail,,敗
316,Deliberately,,故
317,Rescue,v.,救
318,Revere,,敬
319,Spacious,,敞
320,Say,,言
321,Police,n.,警
322,Plan,n.,計
323,Prison,,獄
324,Condemn,,討
325,Instruction,,訓
326,Talk,n.,話
327,Poem,,詩
328,Language,,語
329,Read,v.,讀
330,Tune,n.,調
331,Discuss,,談
332,This,,這
333,Style,n.,式
334,Test,n./v.,試
335,Halberd,,戈
336,Or,,或
337,Burglar,,賊
338,Laden,,載
339,Iron,n.,鐵
340,Lush,,茂
341,Turn Into,,成
342,City,,城
343,Sincere,,誠
344,Might,n.,威
345,Destroy,,滅
346,Everybody,,咸
347,Reduce,,減
348,List,n.,單
349,War,n.,戰
350,Coin,n.,錢
351,Shallow,,淺
352,Cheap,,賤
353,Stop,v.,止
354,Footstep,,步
355,Ford,v.,涉
356,Repeatedly,,頻
357,Agree,,肯
358,Look Forward To,,企
359,Years of Age,,歲
360,Military,adj.,武
361,Levy,n.,賦
362,Correct,v./adj.,正
363,Politics,,政
364,Settle On,,定
365,Walk,v.,走
366,Transcend,,超
367,Surpass,,越
368,Be,,是
369,Topic,,題
370,Build,,建
371,Prolong,,延
372,Nativity,,誕
373,Clear,adj.,楚
374,Foundation,,礎
375,Clothing,,衣
376,Inside,,裡
377,Grief,,哀
378,Yuan,,袁
379,Distant,,遠
380,Bad,,壞
381,Elementary,,初
382,Towel,,巾
383,Cloth,,布
384,Hat,,帽
385,Curtain,,幕
386,Cotton,,棉
387,Help,v.,幫
388,Market,n.,市
389,Lungs,,肺
390,Sash,,帶
391,Stagnant,,滯
392,Thorn,,刺
393,System,,制
394,Manufacture,v.,製
395,Utter,v.,云
396,Rain,n.,雨
397,Cloud,n.,雲
398,Thunder,n.,雷
399,Electricity,,電
400,Frost,n.,霜
401,Ice,n.,冰
402,Winter,,冬
403,Heavens,,天
404,Die Young,,夭
405,Pretend,,喬
406,Bridge,n.,橋
407,Attractive,,嬌
408,Standing Up,adj.,立
409,Weep,,泣
410,Station,n.,站
411,Chapter,,章
412,Compete,,競
413,Sovereign,n.,帝
414,Juvenile,n.,童
415,Bell,,鐘
416,Salesman,,商
417,Suitable,,適
418,Enemy,,敵
419,Ancient Spoon,,匕
420,North,,北
421,Back,n.,背
422,Compare,,比
423,Descendants,,昆
424,Mix,v.,混
425,All,,皆
426,This (literally),,此
428,It,,它
429,Purpose,,旨
430,Grease,n.,脂
431,Every,,每
432,Small Plum,,梅
433,Sea,,海
434,Beg,,乞
435,Eat,,吃
436,Dry,adj.,乾
437,Duplicate,v.,複
438,Abdomen,,腹
439,Lack,v.,欠
440,Blow,v.,吹
441,Song,,歌
442,Soft,,軟
443,Next,,次
444,Assets,,資
445,Looks,n.,姿
446,Consult With,,諮
447,Compensate,,賠
448,Cultivate,,培
449,Sound,n.,音
450,Dark,adj.,暗
451,Rhyme,n.,韻
452,Knowledge,,識
453,Streamer,,幟
454,Unexpectedly,,竟
455,Mirror,,鏡
456,Boundary,,境
457,Deceased,adj.,亡
458,Blind,adj.,盲
459,Absurd,adj.,妄
460,Expect,,望
461,Direction,,方
462,Hinder,,妨
463,Release,v.,放
464,Excite,,激
465,(All-Purpose Preposition),,於
466,Side,n.,旁
467,Convert,v.,兌
468,Undress,,脫
469,Speak,,說
470,Formerly,,曾
471,Increase,v.,增
472,Make A Present Of,,贈
473,East,,東
474,Building,,棟
475,Freeze,v.,凍
476,Also,,也
477,She,,她
478,Ground,n.,地
479,Pond,,池
480,Insects,,蟲
481,Serpent,,蛇
482,Egg,,蛋
483,Wind,n.,風
484,Mock,v.,諷
485,Self,,己
486,Alter,,改
487,Remember,,記
488,Already,,巳
489,Wrap,v.,包
490,Bubbles,,泡
491,Begin,,起
492,House,n.,家
493,Site,,場
494,Soup,,湯
495,Sheep,,羊
496,Beautiful,,美
497,Ocean,,洋
498,Fresh,,鮮
499,Reach,v.,達
500,Appearance,,樣
501,Fall Short Of,,差
502,Gather,,集
503,Advance,v.,進
504,Standard,n.,準
505,Who?,,誰
506,Vend,,售
507,Although,,雖
508,Reliable,,確
509,Noon,,午
510,Permit,v.,許
511,Feathers,,羽
512,Learn,,習
513,Soar,,翔
514,Trapped,,困
515,Solid,,固
516,Country,,國
517,Round,,圓
518,Cause,n.,因
519,Park,n.,園
520,Return,v.,回
521,Revolve,,迴
522,Picture,n.,圖
523,Store,n.,店
524,Warehouse,,庫
525,Trousers,,褲
526,Factory,,廠
527,Bed,,床
528,Hemp,,麻
529,Heart,,心
530,Forget,,忘
531,Endure,,忍
532,Recognize,,認
533,Aspiration,,志
534,Annals,,誌
535,Consider,,思
536,Idea,,意
537,Think,,想
538,Breath,,息
539,Fear,v.,恐
540,Feel,v.,感
541,Regret,n.,憾
542,Worried,,憂
543,Dread,v.,怕
544,Busy,adj,忙
545,Accustomed To,,慣
546,Cherish,,懷
547,Certainly,,必
548,Hand,,手
549,Look At,,看
550,Hold,v.,拿
551,I,,我
552,Righteousness,,義
553,Deliberate,v.,議
554,Ant,,蟻
555,Embrace,v.,抱
556,Combat,v.,抗
557,Criticize,,批
558,Beckon,,招
559,Strike,v.,打
560,Finger,n.,指
561,Support,v.,持
562,Include,,括
563,Bring Up,,提
564,Brandish,,揮
565,Push,,推
566,Welcome,v.,接
567,Hang,,掛
568,Press Down On,,按
569,Drop,v.,掉
570,Pull,,拉
571,!!,,啦
572,Look For,,找
573,Grind Away,v.,研
574,Play With,,弄
575,Nose,,鼻
576,Punishment,,刑
577,Mold,v.,型
578,Genius,,才
579,Riches,,財
580,Deposit,v.,存
581,At,,在
582,Only Then,,乃
583,Milk,n.,奶
584,Catch Up With,,及
585,Inhale,,吸
586,History,,史
587,Even More,,更
588,Hard,,硬
589,Again,,又
590,Friend,,友
591,Pair,,雙
592,One of a Pair,,隻
593,Protect,,護
594,Seize,,獲
595,Observe,,觀
596,Joyous,,歡
597,Throw,v.,投
598,Not Have,,沒
599,Establish,v.,設
600,Thigh,,股
601,Offshoot,,支
602,Skill,,技
603,Branch,,枝
604,Uncle,,叔
605,Superintend,,督
606,Lonely,,寂
607,Against,,反
608,Plank,,板
609,Go Back,,返
610,Faction,,派
611,Blood Vessels,,脈
612,Claw,,爪
613,Grab,,抓
614,Pluck,v.,采
615,Pick,v.,採
616,Vegetable,,菜
617,Accept,,受
618,Confer,,授
619,Love,n./v.,愛
620,Grand,,雄
621,Platform,,台
622,Govern,,治
623,Commence,,始
624,Go,,去
625,Method,,法
626,Until,,至
627,Room,,室
628,Arrive,,到
629,Mutual,,互
630,Sufficient,,充
631,Education,,育
632,Flow,v.,流
633,Comb,n.,梳
634,Mountain,,山
635,Exit,v.,出
636,Beat,v.,擊
637,Secret,adj,密
638,Enter,,入
639,Internal,,內
640,Holler,v.,吶
641,Part,n./v.,分
642,Impoverished,,貧
643,Public,adj.,公
644,Pine Tree,,松
645,Valley,,谷
646,Bathe,,浴
647,Desire,v.,欲
648,Lust,n.,慾
649,Contain,,容
650,Dissolve,,溶
651,Work As,,當
652,Files,n.,檔
653,Political Party,,黨
654,Often,,常
655,Main Room,,堂
656,Covering,n.,皮
657,Waves,,波
658,Old Woman,,婆
659,Break,,破
660,Quilt,n.,被
661,Malicious,,歹
662,Line Up,,列
663,Intense,,烈
664,Death,,死
665,inter,v.,葬
666,Ear,,耳
667,Take,,取
668,Interest,,趣
669,Most,adv.,最
670,Job,,職
671,Holy,,聖
672,Brave,adj.,敢
673,Strict,,嚴
674,Drawn Out,,曼
675,Slow,adj.,慢
676,Overflow,v.,漫
677,Ring,n.,環
678,Give Back,,還
679,Husband,,夫
680,Regulations,,規
681,Replace,,替
682,Lose,,失
683,Feudal Official,,臣
684,Be About To,,臨
685,Worthy,,賢
686,Firm,adj.,堅
687,Power,,力
688,Another,,另
689,Don't,,別
690,Turn,v.,拐
691,Male,n.,男
692,Achievement,,功
693,Slave,n.,奴
694,Toil,v.,努
695,Add,,加
696,Congratulate,,賀
697,Shelf,n.,架
698,Cooperate,,協
699,Line of Business,,行
700,Law,,律
701,Recover,,復
702,Must,aux. v.,得
703,Treat,v.,待
704,Toward,,往
705,Tiny,,微
706,Street,,街
707,Morality,,德
708,Listen,,聽
709,Hall,,廳
710,Standing Grain,,禾
711,Journey,n.,程
712,Harmony,,和
713,Shift,v.,移
714,Autumn,,秋
715,Gloomy,,愁
716,Profit,n.,利
717,Perfume,n.,香
718,Seasons,n.,季
719,Committee,,委
720,Elegant,,秀
721,Penetrate,,透
722,Entice,,誘
723,Experience,n./v.,歷
724,Rice,,米
725,Lost,,迷
726,Riddle,,謎
727,Kind,n.,類
728,Bamboo,,竹
729,Laugh,v.,笑
730,Box,n.,箱
731,Pen,,筆
732,etc.,,等
733,Calculate,,算
734,Answer,v.,答
735,Strategy,,策
736,Person,,人
737,Prisoner,,囚
738,Portion,,份
739,Occupy,,佔
740,Furniture,,傢
741,You,,你
742,You (respectful),,您
743,What?,,什
744,Strip,n.,條
745,Value,n.,值
746,Make,,做
747,However,,但
748,Dwell,,住
749,Position,n.,位
750,Piece,n.,件
751,Still,adv.,仍
752,He,,他
753,Rest,v.,休
754,Faith,,信
755,Depend On,,依
756,Example,,例
757,Individual,,個
758,Healthy,,健
759,Halt,v.,停
760,Upside Down,,倒
761,Benevolence,,仁
762,Excellent,,優
763,Wound,n.,傷
764,Safeguard,v.,保
427,Somewhat,,些
765,Fort,,堡
766,Pay,v.,付
767,Government Office,,府
768,Bow One's Head,,俯
769,Substitute For,,代
770,Bag,n.,袋
771,Transform,,化
772,Flower,n.,花
773,Commodities,,貨
774,whatwhichwhowherewhy?,,何
775,Convenient,,便
776,100 Chinese Inches,,丈
777,Use,v.,使
778,Long Time,,久
779,Chinese Acre,,畝
780,Third,,丙
781,Handle,n.,柄
782,Meat,,肉
783,Rotten,,腐
784,Multitude,,眾
785,Sit,,坐
786,Seat,n.,座
787,Examine,,檢
788,Face,n.,臉
789,Come,,來
790,Wheat,,麥
791,Drink,v.,喝
792,Thirsty,,渴
793,Appoint,,任
794,Royal Court,,廷
795,Court of Law,,庭
796,By Means Of,,以
797,Similar,,似
798,Combine,v.,併
799,Piece Together,,拼
800,Spine,,呂
801,Associate,,侶
802,Glory,n.,榮
803,Labor,n.,勞
804,Camp,n.,營
805,Virtuous,,善
806,Year,,年
807,Night,,夜
808,Liquid,,液
809,Call Out,v.,喚
810,Exchange,v.,換
811,Travel,v.,旅
812,Execute,,施
813,Go Swimming,,游
814,Tour,v.,遊
815,Not,,勿
816,Suddenly,,忽
817,Thing,,物
818,Easy,,易
819,Grant,v.,賜
820,Corpse,,屍
821,Nun,,尼
822,Woolen Cloth,,呢
823,Mud,,泥
824,Habitation,,屋
825,Grip,v.,握
826,Reside,,居
827,Saw,n.,鋸
828,Story,building,層
829,Bureau,,局
830,Door,,戶
831,Domicile,,房
832,Hire,v.,雇
833,Look Back,,顧
834,Show,v.,示
835,Society,,社
836,Inspect,,視
837,Happiness,,福
838,Prohibit,,禁
839,Front of a Garment,,襟
840,Religion,,宗
841,Worship,v.,崇
842,Offer Sacrifice,,祭
843,Scrutinize,,察
844,Scrub,,擦
845,Wherefore,n.,由
846,Take Out,,抽
847,Oil,,油
848,First,,甲
849,Pawn,,押
850,Express,v.,申
851,Extend,,伸
852,Gods,,神
853,Fruit,,果
854,Lesson,,課
855,Granule,,顆
856,Catty,n.,斤
857,Place,n.,所
858,Near,,近
859,Hew,,斬
860,Temporary,,暫
861,Gradually,,漸
862,Quality,n.,質
863,Reprimand,v.,斥
864,Accuse,,訴
865,For the First Time,,乍
866,How?,,怎
867,Yesterday,,昨
868,Do,,作
869,Snow,n.,雪
870,Anxious,,急
871,Seek,,尋
872,Married Woman,,婦
873,Sweep,,掃
874,Record,v.,錄
875,Commonplace,adj.,碌
876,Contend,,爭
877,Clean,adj.,淨
878,Matter,,事
879,Tang,,唐
880,Sugar,,糖
881,Hale,adj.,康
882,Overseer,,尹
883,Queen Elizabeth,,伊
884,Monarch,,君
885,Skirt,n.,裙
886,Crowd,n.,群
887,And,,而
888,Need,v.,需
889,Confucian,,儒
890,Auspicious,,瑞
891,Upright,,端
892,Bent,,曲
893,Big Dipper,,斗
894,Material,&nbsp;n.,料
895,Academic Discipline,,科
896,Utilize,,用
897,Times Past,,昔
898,Borrow,,借
899,Mistaken,,錯
900,Scattered,,散
901,Scatter,,撒
902,Prepare,,備
903,Twenty,,廿
904,Mat,,席
905,Degrees,,度
906,Ferry,n./v.,渡
907,Half,n./adj.,半
908,Partner,,伴
909,Fat,adj.,胖
910,Judge,v.,判
911,Dependents,,眷
912,Boxing,n.,拳
913,Victory,,勝
914,Slice,n.,片
915,Printing Plate,,版
916,Put On Makeup,,妝
917,Robust,,壯
918,Hamlet,,莊
919,Attire,n.,裝
920,General,,將
921,Of,,之
922,Weary,,乏
923,Blink,v.,眨
924,No,,不
925,Negate,,否
926,Cup,,杯
927,Dart,n.,矢
928,Tribe,,族
929,Know,,知
930,Wisdom,,智
931,Spear,n.,矛
932,Gentle,,柔
933,Knead,,揉
934,Tasks,,務
935,Fog,,霧
936,Bestow,,予
937,Preface,n.,序
938,Beforehand,,預
939,Wild,adj.,野
940,Class,n.,班
941,Bow,n.,弓
942,Draw,v.,引
943,Strong,,強
944,Weak,,弱
945,Bullet,,彈
946,Buddha,,佛
947,Expense,,費
948,Younger Brother,,弟
949,No.,,第
950,Adroit,,巧
951,Somebody,,身
952,Shoot,v.,射
953,Thank,,謝
954,Old Man,,老
955,Take an Exam,,考
956,Roast,v.,烤
957,Filial Piety,,孝
958,Teach,,教
959,Someone,,者
960,-ing,,著
961,Pig,,豬
962,Chase,,追
963,Commander,,帥
964,Teacher,,師
965,Lion,,獅
966,Bureaucrat,,官
967,Pipe,,管
968,Father,,父
969,Mingle,,交
970,Effect,n.,效
971,Relatively,,較
972,School,n.,校
973,Lower Leg,,足
974,Run,v.,跑
975,Jump,v.,跳
976,Path,,路
977,Dew,,露
978,Skeleton,,骨
979,Slippery,,滑
980,Cross,v.,過
981,Apollo,,阿
982,aah!,,啊
983,Occasion,,際
984,Perilous,,險
985,As You Wish,,隨
986,Yang,,陽
987,Exhibit,v.,陳
988,Ward Off,,防
989,Attach,,附
990,Inst.,,院
991,Battle Formation,,陣
992,Team,,隊
993,Descend,,降
994,Stairs,,階
995,Hole,,穴
996,Research,v.,究
997,Abruptly,,突
998,Empty,,空
999,Control,v.,控
1000,Border,,邊
1001,Deep,,<div>深</div>
1002,Spy,n.,探
1003,Hill,,丘
1004,Troops,,兵
1005,Silk,,絲
1006,Line,n.,線
1007,Maintain,,維
1008,Silk Gauze,,羅
1009,Continue,,續
1010,Continuum,,統
1011,Give,,給
1012,Tie,v.,結
1013,End,n.,終
1014,Rank,n.,級
1015,Epoch,,紀
1016,Red,,紅
1017,Make an Appointment,,約
1018,Fine,adj.,細
1019,Tight,,緊
1020,Weave,v.,織
1021,Net,n.,網
1022,Green,,綠
1023,Curved,adj.,彎
1024,Bay,,灣
1025,Be Enamored Of,,戀
1026,Change,v.,變
1027,Scripture,,經
1028,Lightweight,adj.,輕
1029,Behind,,後
1030,How Many?,,幾
1031,Machine,,機
1032,Sever,,斷
1033,Carry On,,繼
1034,Obvious,,顯
1035,Music,,樂
1036,Medicine,,藥
1037,Chicken,,雞
1038,(suffix),,麼
1039,Lineage,,系
1040,Relate To,,係
1041,Grandchild,,孫
1042,Withdraw,,卻
1043,Foot,,腳
1044,Apparel,,服
1045,Fate,,命
1046,Stay,v.,留
1047,Slide,v.,溜
1048,Chat,v.,聊
1049,Willow,,柳
1050,Orders,n.,令
1051,Cold,,冷
1052,Zero,,零
1053,Collar,n.,領
1054,Communicate,,通
1055,Courageous,,勇
1056,Criminal,n.,犯
1057,Danger,,危
1059,Print,n./v.,印
1060,Excitement,,興
1061,Liquor,,酒
1062,Distribute,,配
1063,Chieftain,,酋
1064,Venerate,v,,尊
1065,Abide by,,遵
1066,Beans,,豆
1067,Head,n.,頭
1068,Short,,短
1069,Ceremony,,禮
1070,Body,,體
1071,Drum,,鼓
1072,Joyful,,喜
1073,Kitchen,,廚
1074,Timber,,樹
1075,Blood,,血
1076,Exhausted,,盡
1077,To The Utmost,,儘
1078,Lid,,蓋
1079,Temperature,,溫
1080,Supervise,,監
1081,Basket,,籃
1082,Blue,,藍
1083,Silver,,銀
1084,Heel,n./v.,跟
1085,Very,,很
1086,Root,n.,根
1087,Immediately,,即
1088,Holiday,,節
1089,Retreat,v.,退
1090,Leg,,腿
1091,Limit,n./v.,限
1092,Eyelet,,眼
1093,High-quality,adj.,良
1094,Breakers,,浪
1095,Mom,,娘
1096,Food,,食
1097,Meal,,飯
1098,Dine,,餐
1099,Bldg.,,館
1100,Raise,v.,養
1101,Since,,既
1102,Approximate,adj.,概
1103,Even,adj.,平
1104,Evaluate,,評
1105,Level Ground,,坪
1106,Ooh!,,乎
1107,Shout,v.,呼
1108,Hope,v.,希
1109,Scarce,,稀
1110,Study,v.,學
1111,Senses,n.,覺
1112,Stir,v.,攪
1113,Sinister,,凶
1114,Cruel,,兇
1115,Bosom,,胸
1116,Leave,v.,離
1117,Fowl,,禽
1118,Peppery,,辛
1119,Manage,,辦
1120,Dispute,v.,辯
1121,Partition,n.,壁
1122,Evade,,避
1123,New,,新
1124,Fuel,,薪
1125,Relatives,,親
1126,Inner Garments,,襯
1127,Good Fortune,,幸
1128,Clench,v.,執
1129,Newspaper,,報
1130,Call,v.,叫
1131,Receive,,收
1132,Land,n.,陸
1133,Force,n.,勢
1134,Heat,n./v.,熱
1135,Technique,,藝
1136,Sign Of The Pig,,亥
1137,Nucleus,,核
1138,Tot,,孩
1139,Carve,,刻
1140,Should,,該
1141,Narrate,,述
1142,Art,,術
1143,Kill,,殺
1144,Aid,v.,襄
1145,Yield,,讓
1146,Territory,,壤
1147,Frigid,,寒
1148,Competition,,賽
1058,Fragile,,脆
1149,Poison,n.,毒
1150,Vegetarian Diet,,素
1151,Blue or Green,,青
1152,Refined,,精
1153,Invite,,請
1154,Feelings,,情
1155,Eyeball,,睛
1156,Pure,,清
1157,Quiet,,靜
1158,Responsibility,,責
1159,Accomplishments,,績
1160,Accumulate,,積
1161,Surface,n.,表
1162,Watch,,錶
1163,Life,,生
1164,Star,n.,星
1165,Surname,,姓
1166,Sex,,性
1167,Harm,n./v.,害
1168,Cut off,v.,割
1169,Intelligent,,慧
1170,Plentiful,,豐
1171,Springtime,,春
1172,Tranquil,,泰
1173,Proffer,v.,奉
1174,Cudgel,n.,棒
1175,Diligent,,勤
1176,Careful,,謹
1177,Merely,,僅
1178,Han,,漢
1179,Difficult,,難
1180,Vendor’s Stand,,攤
1181,Splendor,,華
1182,Clamor,n.,嘩
1183,Droop,,垂
1184,Hammer,n.,錘
1185,Sleep,v.,睡
1186,Now,,今
1187,Harbor,v.,含
1188,Miss,v.,念
1189,Yin,,陰
1190,Shady,,蔭
1191,West,,西
1192,Want,v.,要
1193,Waist,,腰
1194,Ticket,,票
1195,Drift,v.,漂
1196,Mark,n.,標
1197,Merchant,,賈
1198,Price,,價
1199,Smoke,n.,煙
1200,South,,南
1201,Gate,,門
1202,(Plural),,們
1203,Leisure,,閒
1204,Ask,,問
1205,Interval,,間
1206,Simple,,簡
1207,Open,v.,開
1208,Hear,,聞
1209,Storehouse,,倉
1210,Gun,,槍
1211,Initiate,v.,創
1212,Non—,,非
1213,Row,n.,排
1214,Guilt,,罪
1215,Lean on,,靠
1216,Marquis,,侯
1217,Wait,v.,候
1218,Decide,,決
1219,Fast,adj.,快
1220,Chopsticks,,筷
1221,Tanned Hide,,韋
1222,Surround,,圍
1223,Great,,偉
1224,Defend,,衛
1225,Offend,v.,干
1226,Shore,,岸
1227,Trunk,,幹
1228,Drought,,旱
1229,Hurry,v.,趕
1230,Yu,,于
1231,Eaves,,宇
1232,Moi,,余
1233,Excess,,餘
1234,Eliminate,,除
1235,Route,n.,途
1236,Bundle up,,束
1237,Quick,,速
1238,Spicy Hot,,辣
1239,Entire,,整
1240,Practice,v.,練
1241,Opt For,,揀
1242,Heavy,,重
1243,Understand,,懂
1244,Move,v.,動
1245,Species,,種
1246,Collide,,衝
1247,Illness,,病
1248,Ache,v.,痛
1249,Insane,,瘋
1250,Match,v.,匹
1251,Region,,區
1252,Hub,,樞
1253,Europe,,歐
1254,Physician,,醫
1255,Look Up To,,仰
1256,Greet,,迎
1257,Ascend,,登
1258,Lamp,,燈
1259,Evidence,,證
1260,Send Out,,發
1261,Discard,v.,廢
1262,Shape,n.,形
1263,Shadow,n.,影
1264,Hue,,彩
1265,Have To,,須
1266,Rare,,珍
1267,Participate,,參
1268,Wretched,,慘
1269,Repair,v.,修
1270,Literature,,文
1271,Mosquito,,蚊
1272,Erudite,,彥
1273,Countenance,n.,顏
1274,Products,,產
1275,Rate,n.,率
1276,Tumble,v.,摔
1277,Center,,央
1278,England,,英
1279,Crust,,巴
1280,Grasp,v.,把
1281,Papa,,爸
1282,Bar,n.,吧
1283,Color,,色
1284,Discontinue,,絕
1285,Sweet,,甘
1286,Such and Such,adj.,某
1287,his-hers-its-theirs,,其
1288,Period of Time,,期
1289,Base,n.,基
1290,Sphinx,,斯
1291,Tremendously,,甚
1292,Expensive,,貴
1293,Bequeath,,遺
1294,Dance,n./v.,舞
1295,Nothing,,無
1296,Comfort,v.,撫
1297,Moreover,,且
1298,Older Sister,,姐
1299,Group,n.,組
1300,Ancestor,,祖
1301,Assist,,助
1302,Side by Side,,並
1303,Universal,,普
1304,Profession,,業
1305,That’s Right,,對
1306,Together,,共
1307,Supply,n./v.,供
1308,Different,,異
1309,Lane,,巷
1310,Port,n.,港
1311,Choose,,選
1312,Well,n.,井
1313,Asia,,亞
1314,Evil,n./adj.,惡
1315,Angle,,角
1316,Untie,,解
1317,Orifice,,嘴
1318,Once More,,再
1319,Weigh,,稱
1320,Lecture,v.,講
1321,Frame,v.,構
1322,Flat,adj.,扁
1323,Piece of Writing,,篇
1324,Compile,,編
1325,Theory,,論
1326,Wheel,,輪
1327,Canon,,典
1328,Family Name,,氏
1329,Paper,,紙
1330,Dusk,,昏
1331,Marriage,,婚
1332,Low,,低
1333,Bottom,,底
1334,People,,民
1335,Slumber,n.,眠
1336,Fu,,甫
1337,Patch,v.,補
1338,Knowledgeable,,博
1339,Wrestle,,搏
1340,Metropolis,,都
1341,Department,,部
1342,Young Man,,郎
1343,Countryside,,鄉
1344,Echo,n.,響
